Workbook

Sheet Planteamiento
C3: Instrucciones:
C4: Se presenta la planilla de pago de un departamento para el mes de diciembre de 2025. Considerar las siguientes instrucciones antes de determinar lo que se solicita.
C6: 1. Información general :
B8: 1 | C8: Jornada Laboral | D8: : | E8: 6 días / semana
B9: 2 | C9: Jornada laboral por día | D9: : | E9: 8 horas
B10: 3 | C10: Fecha de corte la planilla | D10: : | E10: Mes de diciembre 2025
C12: 2. Prestaciones de ley y adicionales.
C15: Se posee la planilla de empleados que se presenta en la tabla 1, donde se cumplen las siguientes prestaciones:
C16: 1.1 La empresa cumple con las prestaciones mínimas de ley: Séptimo, vacación, aguinaldo, ISSS y AFP´s a excepción de INCAF
C17: 1.2 El pago de vacaciones se aplica según los siguientes incentivos:
C18: 1.2.1 Para empleados que hayan laborado para la empresa menor o igual a 2 años, se cancelara la prestación según el art. 177 del Código de trabajo.
C19: 1.2.2 Para empleados que hayan laborado entre 2 a 5 años, se les cancela la prestación según el art. 177 del Código de trabajo más porcentaje adicional del 10 % de una quincena.
C20: 1.2.3 Mayor a 5 años de permanencia continua en la empresa, se le cancela la prestación según el art. 177 del Código de trabajo más un porcentaje adicional del 15% de una quincena
C21: 1.3 El aguinaldo se aplica de la siguiente forma:
C22: 1.3.1 Menor o igual a 3 años de permanencia continua en la empresa, se cancela aguinaldo según el art. 197 del Código de trabajo según reforma octubre 2025
C23: 1.3.2 Con permanencia continua mayor a 3 años se cancela aguinaldo según el art. 197 del Código de trabajo más un adicional para llegar al 100% del salario bruto mensual, según reforma octubre 2025
C24: 1.4 Se brindan las siguientes prestaciones contractuales adicionales:
C25: 1.4.1 Se le proporciona un viatico mensual al personal administrativo de $ 20 y de $ 35 al personal de operaciones
C26: 1.4.2 Existe autorizadas de 20 horas extras diurnas y 5 horas extras nocturnas por mes solamente para el personal de operativo. (no incluye supervisores)
B31: N ° | C31: Descripción
B32: 1 | C32: El monto total de las horas extras diurnas y nocturnas.
B33: 2 | C33: El monto del pago de las vacaciones de ley.
B34: 3 | C34: El monto adicional a pagar como incentivo en el pago de las vacaciones.
B35: 4 | C35: El monto del pago del aguinaldo de ley.
B36: 5 | C36: El monto adicional a pagar como incentivo en el pago del aguinaldo.
B37: 6 | C37: El monto total del ISSS patronal.
B38: 7 | C38: El monto total del AFP´S patronal.
B39: 8 | C39: El monto total del ISSS que paga el empleado.
B40: 9 | C40: El monto total del AFP´S que paga el empleado.
B41: 10 | C41: Considerando las horas extras diurnas y nocturnas y los viáticos el monto total a depositar al empleado.
B42: 11 | C42: El monto total a depositar en la planilla única

Sheet EjercicioPlanilla
B4: Planilla Diciembre 2025
A5: Nº | B5: AREA | C5: PUESTO FUNCIONAL | D5: Fecha de ingreso a la empresa | E5: Fecha de corte de la planilla 2025 | F5: Sueldo - Salario / Mensual
A6: 1 | B6: Gerencia | C6: Gerente de TI | D6: 41244 | E6: 46022 | F6: 1400
A7: =+A6+1 -> 2 | B7: Administrativo | C7: Asistente de gerencia | D7: 43337 | E7: =+E6 -> 46022 | F7: 675
A8: =+A7+1 -> 3 | B8: Administrativo | C8: Soporte de redes y HW | D8: 43801 | E8: =+E7 -> 46022 | F8: 675
A9: =+A8+1 -> 4 | B9: Administrativo | C9: Encargado de almacenaje y seguridad de la información | D9: 44146 | E9: =+E8 -> 46022 | F9: 700
E10: Subtotal | F10: =SUM(F6:F9) -> 3450
A11: =+A9+1 -> 5 | B11: Operaciones | C11: Supervisor de occidente | D11: 42922 | E11: =+E9 -> 46022 | F11: 650
A12: =+A11+1 -> 6 | B12: Operaciones | C12: Supervisor de oriente | D12: 43897 | E12: =+E11 -> 46022 | F12: 650
A13: =+A12+1 -> 7 | B13: Operaciones | C13: Supervisor centro | D13: 43807 | E13: =+E12 -> 46022 | F13: 650
A14: =+A13+1 -> 8 | B14: Operaciones | C14: Técnico de soporte a domicilio-Occidente | D14: 42560 | E14: =+E13 -> 46022 | F14: 500
A15: =+A14+1 -> 9 | B15: Operaciones | C15: Técnico de soporte a domicilio-Oriente | D15: 42339 | E15: =+E14 -> 46022 | F15: 500
A16: =+A15+1 -> 10 | B16: Operaciones | C16: Técnico de soportea domicilio-Central | D16: 45231 | E16: =+E15 -> 46022 | F16: 500
E17: Subtotal | F17: =SUM(F11:F16) -> 3450
E18: Total | F18: =F10+F17 -> 6900

Sheet EjercicioPlanilla-Solución
E1: Planteamiento
E2: Solución
Q3: 0.075 | R3: 0.0875 | S3: 0.03 | T3: 0.0725
B4: Planilla Diciembre 2025
A5: Nº | B5: AREA | C5: PUESTO FUNCIONAL | D5: Fecha de ingreso a la empresa | E5: Fecha de corte de la planilla 2024 | F5: Sueldo - Salario / Mensual | G5: Viáticos | H5: Mes | I5: Tiempo en la empresa (años) | J5: Horas extras diurnas | K5: Horas extras nocturnas | L5: Monto de Vacaciones | M5: Bonificación de vacaciones | N5: Monto del aguinaldo | O5: Bonificación de aguinaldo | P5: Monto cotizables para cotizaciones | Q5: ISSS Patronal | R5: AFPS Patronal | S5: ISSS Empleado | T5: AFPS Empleado | U5: Monto a depositar al empleado | V5: Monto a depositar planilla única
A6: 1 | B6: =+EjercicioPlanilla!B6 -> Gerencia | C6: =+EjercicioPlanilla!C6 -> Gerente de TI | D6: =+EjercicioPlanilla!D6 -> 41244 | E6: =+EjercicioPlanilla!E6 -> 46022 | F6: =+EjercicioPlanilla!F6 -> 1400 | G6: 20 | H6: =MONTH(D6) -> 12 | I6: =(E6-D6)/365 -> 13.090411 | J6: 0 | K6: 0 | L6: =IF($H6=12,(($F6/2)*30%),0) -> 210 | M6: =IF($H6=12,IF((AND($I6>=2,$I6<5)),(($F6/2)*10%),IF($I6>=5,(($F6/2)*15%),0)),0) -> 105 | N6: =IF((AND($I6>=1,$I6<3)),((F6/30)*15),IF((AND($I6>=3,$I6<10)),((F6/30)*19),((F6/30)*21))) -> 980 | O6: =IF($I6>=3,($F6-N6),0) -> 420 | P6: =F6+J6+K6+L6+M6 -> 1715 | Q6: =IF(P6>=1000,(1000*$Q$3),(P6*$Q$3)) -> 75 | R6: =+P6*$R$3 -> 150.0625 | S6: =IF(P6>=1000,(1000*$S$3),(P6*$S$3)) -> 30 | T6: =+P6*$T$3 -> 124.3375 | U6: =F6+G6+J6+K6+L6+M6+N6+O6-S6-T6 -> 2980.6625 | V6: =Q6+R6+S6+T6 -> 379.4
A7: =+A6+1 -> 2 | B7: =+EjercicioPlanilla!B7 -> Administrativo | C7: =+EjercicioPlanilla!C7 -> Asistente de gerencia | D7: =+EjercicioPlanilla!D7 -> 43337 | E7: =+EjercicioPlanilla!E7 -> 46022 | F7: =+EjercicioPlanilla!F7 -> 675 | G7: 20 | H7: =MONTH(D7) -> 8 | I7: =(E7-D7)/365 -> 7.3561644 | J7: 0 | K7: 0 | L7: =IF($H7=12,(($F7/2)*30%),0) -> 0 | M7: =IF($H7=12,IF((AND($I7>=2,$I7<5)),(($F7/2)*10%),IF($I7>=5,(($F7/2)*15%),0)),0) -> 0 | N7: =IF((AND($I7>=1,$I7<3)),((F7/30)*15),IF((AND($I7>=3,$I7<10)),((F7/30)*19),((F7/30)*21))) -> 427.5 | O7: =IF($I7>=3,($F7-N7),0) -> 247.5 | P7: =F7+J7+K7+L7+M7 -> 675 | Q7: =IF(P7>=1000,(1000*$Q$3),(P7*$Q$3)) -> 50.625 | R7: =+P7*$R$3 -> 59.0625 | S7: =IF(P7>=1000,(1000*$S$3),(P7*$S$3)) -> 20.25 | T7: =+P7*$T$3 -> 48.9375 | U7: =F7+G7+J7+K7+L7+M7+N7+O7-S7-T7 -> 1300.8125 | V7: =Q7+R7+S7+T7 -> 178.875
A8: =+A7+1 -> 3 | B8: =+EjercicioPlanilla!B8 -> Administrativo | C8: =+EjercicioPlanilla!C8 -> Soporte de redes y HW | D8: =+EjercicioPlanilla!D8 -> 43801 | E8: =+EjercicioPlanilla!E8 -> 46022 | F8: =+EjercicioPlanilla!F8 -> 675 | G8: 20 | H8: =MONTH(D8) -> 12 | I8: =(E8-D8)/365 -> 6.0849315 | J8: 0 | K8: 0 | L8: =IF($H8=12,(($F8/2)*30%),0) -> 101.25 | M8: =IF($H8=12,IF((AND($I8>=2,$I8<5)),(($F8/2)*10%),IF($I8>=5,(($F8/2)*15%),0)),0) -> 50.625 | N8: =IF((AND($I8>=1,$I8<3)),((F8/30)*15),IF((AND($I8>=3,$I8<10)),((F8/30)*19),((F8/30)*21))) -> 427.5 | O8: =IF($I8>=3,($F8-N8),0) -> 247.5 | P8: =F8+J8+K8+L8+M8 -> 826.875 | Q8: =IF(P8>=1000,(1000*$Q$3),(P8*$Q$3)) -> 62.015625 | R8: =+P8*$R$3 -> 72.351562 | S8: =IF(P8>=1000,(1000*$S$3),(P8*$S$3)) -> 24.80625 | T8: =+P8*$T$3 -> 59.948437 | U8: =F8+G8+J8+K8+L8+M8+N8+O8-S8-T8 -> 1437.1203 | V8: =Q8+R8+S8+T8 -> 219.12187
A9: =+A8+1 -> 4 | B9: =+EjercicioPlanilla!B9 -> Administrativo | C9: =+EjercicioPlanilla!C9 -> Encargado de almacenaje y seguridad de la información | D9: =+EjercicioPlanilla!D9 -> 44146 | E9: =+EjercicioPlanilla!E9 -> 46022 | F9: =+EjercicioPlanilla!F9 -> 700 | G9: 20 | H9: =MONTH(D9) -> 11 | I9: =(E9-D9)/365 -> 5.139726 | J9: 0 | K9: 0 | L9: =IF($H9=12,(($F9/2)*30%),0) -> 0 | M9: =IF($H9=12,IF((AND($I9>=2,$I9<5)),(($F9/2)*10%),IF($I9>=5,(($F9/2)*15%),0)),0) -> 0 | N9: =IF((AND($I9>=1,$I9<3)),((F9/30)*15),IF((AND($I9>=3,$I9<10)),((F9/30)*19),((F9/30)*21))) -> 443.33333 | O9: =IF($I9>=3,($F9-N9),0) -> 256.66667 | P9: =F9+J9+K9+L9+M9 -> 700 | Q9: =IF(P9>=1000,(1000*$Q$3),(P9*$Q$3)) -> 52.5 | R9: =+P9*$R$3 -> 61.25 | S9: =IF(P9>=1000,(1000*$S$3),(P9*$S$3)) -> 21 | T9: =+P9*$T$3 -> 50.75 | U9: =F9+G9+J9+K9+L9+M9+N9+O9-S9-T9 -> 1348.25 | V9: =Q9+R9+S9+T9 -> 185.5
F10: =SUM(F6:F9) -> 3450 | G10: =SUM(G6:G9) -> 80 | I10: SUB-TOTAL | J10: =SUM(J6:J9) -> 0 | K10: =SUM(K6:K9) -> 0 | L10: =SUM(L6:L9) -> 311.25 | M10: =SUM(M6:M9) -> 155.625 | N10: =SUM(N6:N9) -> 2278.3333 | O10: =SUM(O6:O9) -> 1171.6667 | P10: =SUM(P6:P9) -> 3916.875 | Q10: =SUM(Q6:Q9) -> 240.14062 | ... V10: =SUM(V6:V9) -> 962.89687
A11: =+A9+1 -> 5 | B11: =+EjercicioPlanilla!B11 -> Operaciones | C11: =+EjercicioPlanilla!C11 -> Supervisor de occidente | D11: =+EjercicioPlanilla!D11 -> 42922 | E11: =+EjercicioPlanilla!E11 -> 46022 | F11: =+EjercicioPlanilla!F11 -> 650 | G11: 35 | H11: =MONTH(D11) -> 7 | I11: =(E11-D11)/365 -> 8.4931507 | J11: 0 | K11: 0 | L11: =IF($H11=12,(($F11/2)*30%),0) -> 0 | M11: =IF($H11=12,IF((AND($I11>=2,$I11<5)),(($F11/2)*10%),IF($I11>=5,(($F11/2)*15%),0)),0) -> 0 | N11: =IF((AND($I11>=1,$I11<3)),((F11/30)*15),IF((AND($I11>=3,$I11<10)),((F11/30)*19),((F11/30)*21))) -> 411.66667 | O11: =IF($I11>=3,($F11-N11),0) -> 238.33333 | P11: =F11+J11+K11+L11+M11 -> 650 | Q11: =IF(P11>=1000,(1000*$Q$3),(P11*$Q$3)) -> 48.75 | R11: =+P11*$R$3 -> 56.875 | S11: =IF(P11>=1000,(1000*$S$3),(P11*$S$3)) -> 19.5 | T11: =+P11*$T$3 -> 47.125 | U11: =F11+G11+J11+K11+L11+M11+N11+O11-S11-T11 -> 1268.375 | V11: =Q11+R11+S11+T11 -> 172.25
A12: =+A11+1 -> 6 | B12: =+EjercicioPlanilla!B12 -> Operaciones | C12: =+EjercicioPlanilla!C12 -> Supervisor de oriente | D12: =+EjercicioPlanilla!D12 -> 43897 | E12: =+EjercicioPlanilla!E12 -> 46022 | F12: =+EjercicioPlanilla!F12 -> 650 | G12: 35 | H12: =MONTH(D12) -> 3 | I12: =(E12-D12)/365 -> 5.8219178 | J12: 0 | K12: 0 | L12: =IF($H12=12,(($F12/2)*30%),0) -> 0 | M12: =IF($H12=12,IF((AND($I12>=2,$I12<5)),(($F12/2)*10%),IF($I12>=5,(($F12/2)*15%),0)),0) -> 0 | N12: =IF((AND($I12>=1,$I12<3)),((F12/30)*15),IF((AND($I12>=3,$I12<10)),((F12/30)*19),((F12/30)*21))) -> 411.66667 | O12: =IF($I12>=3,($F12-N12),0) -> 238.33333 | P12: =F12+J12+K12+L12+M12 -> 650 | Q12: =IF(P12>=1000,(1000*$Q$3),(P12*$Q$3)) -> 48.75 | R12: =+P12*$R$3 -> 56.875 | S12: =IF(P12>=1000,(1000*$S$3),(P12*$S$3)) -> 19.5 | T12: =+P12*$T$3 -> 47.125 | U12: =F12+G12+J12+K12+L12+M12+N12+O12-S12-T12 -> 1268.375 | V12: =Q12+R12+S12+T12 -> 172.25
A13: =+A12+1 -> 7 | B13: =+EjercicioPlanilla!B13 -> Operaciones | C13: =+EjercicioPlanilla!C13 -> Supervisor centro | D13: =+EjercicioPlanilla!D13 -> 43807 | E13: =+EjercicioPlanilla!E13 -> 46022 | F13: =+EjercicioPlanilla!F13 -> 650 | G13: 35 | H13: =MONTH(D13) -> 12 | I13: =(E13-D13)/365 -> 6.0684932 | J13: 0 | K13: 0 | L13: =IF($H13=12,(($F13/2)*30%),0) -> 97.5 | M13: =IF($H13=12,IF((AND($I13>=2,$I13<5)),(($F13/2)*10%),IF($I13>=5,(($F13/2)*15%),0)),0) -> 48.75 | N13: =IF((AND($I13>=1,$I13<3)),((F13/30)*15),IF((AND($I13>=3,$I13<10)),((F13/30)*19),((F13/30)*21))) -> 411.66667 | O13: =IF($I13>=3,($F13-N13),0) -> 238.33333 | P13: =F13+J13+K13+L13+M13 -> 796.25 | Q13: =IF(P13>=1000,(1000*$Q$3),(P13*$Q$3)) -> 59.71875 | R13: =+P13*$R$3 -> 69.671875 | S13: =IF(P13>=1000,(1000*$S$3),(P13*$S$3)) -> 23.8875 | T13: =+P13*$T$3 -> 57.728125 | U13: =F13+G13+J13+K13+L13+M13+N13+O13-S13-T13 -> 1399.6344 | V13: =Q13+R13+S13+T13 -> 211.00625
A14: =+A13+1 -> 8 | B14: =+EjercicioPlanilla!B14 -> Operaciones | C14: =+EjercicioPlanilla!C14 -> Técnico de soporte a domicilio-Occidente | D14: =+EjercicioPlanilla!D14 -> 42560 | E14: =+EjercicioPlanilla!E14 -> 46022 | F14: =+EjercicioPlanilla!F14 -> 500 | G14: 35 | H14: =MONTH(D14) -> 7 | I14: =(E14-D14)/365 -> 9.4849315 | J14: =(F14/30/8)*2*20 -> 83.333333 | K14: =(F14/30/8)*2.5*5 -> 26.041667 | L14: =IF($H14=12,(($F14/2)*30%),0) -> 0 | M14: =IF($H14=12,IF((AND($I14>=2,$I14<5)),(($F14/2)*10%),IF($I14>=5,(($F14/2)*15%),0)),0) -> 0 | N14: =IF((AND($I14>=1,$I14<3)),((F14/30)*15),IF((AND($I14>=3,$I14<10)),((F14/30)*19),((F14/30)*21))) -> 316.66667 | O14: =IF($I14>=3,($F14-N14),0) -> 183.33333 | P14: =F14+J14+K14+L14+M14 -> 609.375 | Q14: =IF(P14>=1000,(1000*$Q$3),(P14*$Q$3)) -> 45.703125 | R14: =+P14*$R$3 -> 53.320312 | S14: =IF(P14>=1000,(1000*$S$3),(P14*$S$3)) -> 18.28125 | T14: =+P14*$T$3 -> 44.179688 | U14: =F14+G14+J14+K14+L14+M14+N14+O14-S14-T14 -> 1081.9141 | V14: =Q14+R14+S14+T14 -> 161.48438
A15: =+A14+1 -> 9 | B15: =+EjercicioPlanilla!B15 -> Operaciones | C15: =+EjercicioPlanilla!C15 -> Técnico de soporte a domicilio-Oriente | D15: =+EjercicioPlanilla!D15 -> 42339 | E15: =+EjercicioPlanilla!E15 -> 46022 | F15: =+EjercicioPlanilla!F15 -> 500 | G15: 35 | H15: =MONTH(D15) -> 12 | I15: =(E15-D15)/365 -> 10.090411 | J15: =(F15/30/8)*2*20 -> 83.333333 | K15: =(F15/30/8)*2.5*5 -> 26.041667 | L15: =IF($H15=12,(($F15/2)*30%),0) -> 75 | M15: =IF($H15=12,IF((AND($I15>=2,$I15<5)),(($F15/2)*10%),IF($I15>=5,(($F15/2)*15%),0)),0) -> 37.5 | N15: =IF((AND($I15>=1,$I15<3)),((F15/30)*15),IF((AND($I15>=3,$I15<10)),((F15/30)*19),((F15/30)*21))) -> 350 | O15: =IF($I15>=3,($F15-N15),0) -> 150 | P15: =F15+J15+K15+L15+M15 -> 721.875 | Q15: =IF(P15>=1000,(1000*$Q$3),(P15*$Q$3)) -> 54.140625 | R15: =+P15*$R$3 -> 63.164062 | S15: =IF(P15>=1000,(1000*$S$3),(P15*$S$3)) -> 21.65625 | T15: =+P15*$T$3 -> 52.335937 | U15: =F15+G15+J15+K15+L15+M15+N15+O15-S15-T15 -> 1182.8828 | V15: =Q15+R15+S15+T15 -> 191.29688
A16: =+A15+1 -> 10 | B16: =+EjercicioPlanilla!B16 -> Operaciones | C16: =+EjercicioPlanilla!C16 -> Técnico de soportea domicilio-Central | D16: =+EjercicioPlanilla!D16 -> 45231 | E16: =+EjercicioPlanilla!E16 -> 46022 | F16: =+EjercicioPlanilla!F16 -> 500 | G16: 35 | H16: =MONTH(D16) -> 11 | I16: =(E16-D16)/365 -> 2.1671233 | J16: =(F16/30/8)*2*20 -> 83.333333 | K16: =(F16/30/8)*2.5*5 -> 26.041667 | L16: =IF($H16=12,(($F16/2)*30%),0) -> 0 | M16: =IF($H16=12,IF((AND($I16>=2,$I16<5)),(($F16/2)*10%),IF($I16>=5,(($F16/2)*15%),0)),0) -> 0 | N16: =IF((AND($I16>=1,$I16<3)),((F16/30)*15),IF((AND($I16>=3,$I16<10)),((F16/30)*19),((F16/30)*21))) -> 250 | O16: =IF($I16>=3,($F16-N16),0) -> 0 | P16: =F16+J16+K16+L16+M16 -> 609.375 | Q16: =IF(P16>=1000,(1000*$Q$3),(P16*$Q$3)) -> 45.703125 | R16: =+P16*$R$3 -> 53.320312 | S16: =IF(P16>=1000,(1000*$S$3),(P16*$S$3)) -> 18.28125 | T16: =+P16*$T$3 -> 44.179688 | U16: =F16+G16+J16+K16+L16+M16+N16+O16-S16-T16 -> 831.91406 | V16: =Q16+R16+S16+T16 -> 161.48438
E17: SUB-TOTAL | F17: =SUM(F11:F16) -> 3450 | G17: =SUM(G11:G16) -> 210 | J17: =SUM(J11:J16) -> 250 | K17: =SUM(K11:K16) -> 78.125 | L17: =SUM(L11:L16) -> 172.5 | M17: =SUM(M11:M16) -> 86.25 | N17: =SUM(N11:N16) -> 2151.6667 | O17: =SUM(O11:O16) -> 1048.3333 | P17: =SUM(P11:P16) -> 4036.875 | Q17: =SUM(Q11:Q16) -> 302.76562 | ... V17: =SUM(V11:V16) -> 1069.7719
E18: TOTAL | F18: =F10+F17 -> 6900 | G18: =G10+G17 -> 290 | J18: =J10+J17 -> 250 | K18: =K10+K17 -> 78.125 | L18: =+L10+L17 -> 483.75 | M18: =+M10+M17 -> 241.875 | N18: =+N10+N17 -> 4430 | O18: =+O10+O17 -> 2220 | P18: =+P10+P17 -> 7953.75 | Q18: =+Q10+Q17 -> 542.90625 | R18: =+R10+R17 -> 695.95312 | S18: =+S10+S17 -> 217.1625 | ... V18: =+V10+V17 -> 2032.6687
